"Form type","Form description","Filing date","Reporting date"
"4","Statement of changes in beneficial ownership of securities","2024-06-21","2024-06-19"
"4","Statement of changes in beneficial ownership of securities","2024-06-21","2024-06-19"
"4","Statement of changes in beneficial ownership of securities","2024-06-21","2024-06-19"
"4","Statement of changes in beneficial ownership of securities","2024-06-21","2024-06-19"
"144","Report of proposed sale of securities","2024-06-21",""
"4","Statement of changes in beneficial ownership of securities","2024-06-21","2024-06-19"
"4","Statement of changes in beneficial ownership of securities","2024-06-21","2024-06-19"
"144","Report of proposed sale of securities","2024-06-21",""
"144","Report of proposed sale of securities","2024-06-21",""
"144","Report of proposed sale of securities","2024-06-20",""
"4","Statement of changes in beneficial ownership of securities","2024-06-20","2024-06-17"
"4","Statement of changes in beneficial ownership of securities","2024-06-20","2024-06-17"
"144","Report of proposed sale of securities","2024-06-18",""
"144","Report of proposed sale of securities","2024-06-17",""
"4","Statement of changes in beneficial ownership of securities","2024-06-17","2024-06-13"
"144","Report of proposed sale of securities","2024-06-14",""
"144","Report of proposed sale of securities","2024-06-14",""
"4","Statement of changes in beneficial ownership of securities","2024-06-13","2024-06-11"
"144","Report of proposed sale of securities","2024-06-13",""
"4","Statement of changes in beneficial ownership of securities","2024-06-10","2024-06-07"
"4","Statement of changes in beneficial ownership of securities","2024-06-07","2024-06-05"
"4","Statement of changes in beneficial ownership of securities","2024-06-07","2024-06-05"
"4","Statement of changes in beneficial ownership of securities","2024-06-07","2024-06-05"
"8-K","Current report","2024-06-07","2024-06-07"
"144","Report of proposed sale of securities","2024-06-07",""
"4","Statement of changes in beneficial ownership of securities","2024-06-05","2024-06-04"
"4","Statement of changes in beneficial ownership of securities","2024-06-05","2024-06-03"
"4","Statement of changes in beneficial ownership of securities","2024-06-05","2024-06-03"
"144","Report of proposed sale of securities","2024-06-03",""
"4","Statement of changes in beneficial ownership of securities","2024-05-31","2024-05-29"
"4","Statement of changes in beneficial ownership of securities","2024-05-31","2024-05-29"
"4","Statement of changes in beneficial ownership of securities","2024-05-30","2024-05-28"
"4","Statement of changes in beneficial ownership of securities","2024-05-30","2024-05-28"
"4","Statement of changes in beneficial ownership of securities","2024-05-30","2024-05-28"
"144","Report of proposed sale of securities","2024-05-29",""
"10-Q","Quarterly report [Sections 13 or 15(d)]","2024-05-29","2024-04-28"
"4","Statement of changes in beneficial ownership of securities","2024-05-29","2024-05-24"
"4","Statement of changes in beneficial ownership of securities","2024-05-29","2024-05-24"
"144","Report of proposed sale of securities","2024-05-29",""
"144","Report of proposed sale of securities","2024-05-28",""
"144","Report of proposed sale of securities","2024-05-28",""
"144","Report of proposed sale of securities","2024-05-28",""
"144","Report of proposed sale of securities","2024-05-24",""
"144","Report of proposed sale of securities","2024-05-24",""
"SD","Form - SD","2024-05-23",""
"8-K","Current report","2024-05-22","2024-05-22"
"13F-HR","Quarterly report filed by institutional managers, Holdings","2024-05-15","2024-03-31"
"ARS","Annual Report to Security Holders","2024-05-14","2024-01-28"
"DEFA14A","Additional definitive proxy soliciting materials and Rule 14(a)(12) material","2024-05-14",""
"DEF 14A","Other definitive proxy statements","2024-05-14","2024-06-26"
"4","Statement of changes in beneficial ownership of securities","2024-04-10","2024-04-08"
"4","Statement of changes in beneficial ownership of securities","2024-04-09","2024-04-05"
"4","Statement of changes in beneficial ownership of securities","2024-04-03","2024-04-02"
"144","Report of proposed sale of securities","2024-04-02",""
"4","Statement of changes in beneficial ownership of securities","2024-04-01","2024-03-28"
"4","Statement of changes in beneficial ownership of securities","2024-03-27","2024-03-25"
"4","Statement of changes in beneficial ownership of securities","2024-03-26","2024-03-22"
"144","Report of proposed sale of securities","2024-03-25",""
"4","Statement of changes in beneficial ownership of securities","2024-03-22","2024-03-20"
"4","Statement of changes in beneficial ownership of securities","2024-03-22","2024-03-20"
"4","Statement of changes in beneficial ownership of securities","2024-03-22","2024-03-20"
"4","Statement of changes in beneficial ownership of securities","2024-03-22","2024-03-20"
"4","Statement of changes in beneficial ownership of securities","2024-03-22","2024-03-20"
"4","Statement of changes in beneficial ownership of securities","2024-03-22","2024-03-20"
"144","Report of proposed sale of securities","2024-03-22",""
"8-K","Current report","2024-03-14","2024-03-08"
"4","Statement of changes in beneficial ownership of securities","2024-03-12","2024-03-08"
"4","Statement of changes in beneficial ownership of securities","2024-03-12","2024-03-08"
"4","Statement of changes in beneficial ownership of securities","2024-03-12","2024-03-08"
"4","Statement of changes in beneficial ownership of securities","2024-03-12","2024-03-08"
"4","Statement of changes in beneficial ownership of securities","2024-03-11","2024-03-07"
"4","Statement of changes in beneficial ownership of securities","2024-03-08","2024-03-06"
"4","Statement of changes in beneficial ownership of securities","2024-03-08","2024-03-06"
"4","Statement of changes in beneficial ownership of securities","2024-03-08","2024-03-06"
"4","Statement of changes in beneficial ownership of securities","2024-03-08","2024-03-06"
"4","Statement of changes in beneficial ownership of securities","2024-03-08","2024-03-06"
"4","Statement of changes in beneficial ownership of securities","2024-03-06","2024-03-05"
"4","Statement of changes in beneficial ownership of securities","2024-03-06","2024-03-04"
"4","Statement of changes in beneficial ownership of securities","2024-03-06","2024-03-05"
"144","Report of proposed sale of securities","2024-03-05",""
"144","Report of proposed sale of securities","2024-03-05",""
"4","Statement of changes in beneficial ownership of securities","2024-02-27","2024-02-23"
"4","Statement of changes in beneficial ownership of securities","2024-02-27","2024-02-23"
"4","Statement of changes in beneficial ownership of securities","2024-02-27","2023-12-13"
"4","Statement of changes in beneficial ownership of securities","2024-02-27","2024-02-23"
"144","Report of proposed sale of securities","2024-02-23",""
"144","Report of proposed sale of securities","2024-02-23",""
"144","Report of proposed sale of securities","2024-02-23",""
"144","Report of proposed sale of securities","2024-02-23",""
"10-K","Annual report [Section 13 and 15(d), not S-K Item 405]","2024-02-21","2024-01-28"
"8-K","Current report","2024-02-21","2024-02-21"
"13F-HR","Quarterly report filed by institutional managers, Holdings","2024-02-14","2023-12-31"
"SC 13G/A","Statement of acquisition of beneficial ownership by individuals - amendment","2024-02-13",""
"SC 13G/A","Statement of acquisition of beneficial ownership by individuals - amendment","2024-02-09",""
"SC 13G/A","Statement of acquisition of beneficial ownership by individuals - amendment","2024-01-26",""
"4","Statement of changes in beneficial ownership of securities","2024-01-16","2024-01-12"
"4","Statement of changes in beneficial ownership of securities","2024-01-12","2024-01-10"
"4","Statement of changes in beneficial ownership of securities","2024-01-09","2024-01-08"
"4","Statement of changes in beneficial ownership of securities","2024-01-09","2024-01-05"
"144","Report of proposed sale of securities","2024-01-05",""
"4","Statement of changes in beneficial ownership of securities","2023-12-20","2023-12-18"
"4","Statement of changes in beneficial ownership of securities","2023-12-19","2023-12-15"
"4","Statement of changes in beneficial ownership of securities","2023-12-19","2023-12-15"
"144","Report of proposed sale of securities","2023-12-18",""
"4","Statement of changes in beneficial ownership of securities","2023-12-15","2023-09-29"
"4","Statement of changes in beneficial ownership of securities","2023-12-15","2023-12-13"
"4","Statement of changes in beneficial ownership of securities","2023-12-15","2023-12-13"
"4","Statement of changes in beneficial ownership of securities","2023-12-15","2023-12-13"
"4","Statement of changes in beneficial ownership of securities","2023-12-15","2023-12-13"
"4","Statement of changes in beneficial ownership of securities","2023-12-15","2023-12-13"
"4","Statement of changes in beneficial ownership of securities","2023-12-15","2023-12-13"
"144","Report of proposed sale of securities","2023-12-15",""
"144","Report of proposed sale of securities","2023-12-13",""
"4","Statement of changes in beneficial ownership of securities","2023-12-01","2023-11-29"
"4/A","Statement of changes in beneficial ownership of securities - amendment","2023-12-01","2023-11-27"
"4","Statement of changes in beneficial ownership of securities","2023-12-01","2023-11-29"
"4","Statement of changes in beneficial ownership of securities","2023-11-30","2023-11-28"
"4","Statement of changes in beneficial ownership of securities","2023-11-28","2023-11-24"
"4","Statement of changes in beneficial ownership of securities","2023-11-28","2023-11-24"
"4","Statement of changes in beneficial ownership of securities","2023-11-28","2023-11-27"
"4","Statement of changes in beneficial ownership of securities","2023-11-28","2023-11-27"
"144","Report of proposed sale of securities","2023-11-28",""
"144","Report of proposed sale of securities","2023-11-27",""
"144","Report of proposed sale of securities","2023-11-24",""
"144","Report of proposed sale of securities","2023-11-24",""
"10-Q","Quarterly report [Sections 13 or 15(d)]","2023-11-21","2023-10-29"
"8-K","Current report","2023-11-21","2023-11-21"
"8-K","Current report","2023-10-24","2023-10-23"
"8-K","Current report","2023-10-17","2023-10-17"
"4","Statement of changes in beneficial ownership of securities","2023-10-10","2023-10-06"
"4","Statement of changes in beneficial ownership of securities","2023-09-22","2023-09-20"
"4","Statement of changes in beneficial ownership of securities","2023-09-22","2023-09-20"
"4","Statement of changes in beneficial ownership of securities","2023-09-22","2023-09-20"
"4","Statement of changes in beneficial ownership of securities","2023-09-22","2023-09-20"
"4","Statement of changes in beneficial ownership of securities","2023-09-22","2023-09-20"
"4","Statement of changes in beneficial ownership of securities","2023-09-22","2023-09-21"
"4","Statement of changes in beneficial ownership of securities","2023-09-22","2023-09-20"
"4","Statement of changes in beneficial ownership of securities","2023-09-18","2023-09-14"
"4","Statement of changes in beneficial ownership of securities","2023-09-13","2023-09-12"
"4","Statement of changes in beneficial ownership of securities","2023-09-13","2023-09-12"
"4","Statement of changes in beneficial ownership of securities","2023-09-13","2023-09-12"
"4","Statement of changes in beneficial ownership of securities","2023-09-11","2023-09-07"
"4","Statement of changes in beneficial ownership of securities","2023-09-11","2023-09-07"
"4","Statement of changes in beneficial ownership of securities","2023-09-06","2023-09-01"
"4","Statement of changes in beneficial ownership of securities","2023-09-06","2023-09-01"
"144","Report of proposed sale of securities","2023-09-01",""
"4","Statement of changes in beneficial ownership of securities","2023-08-30","2023-08-28"
"4","Statement of changes in beneficial ownership of securities","2023-08-30","2023-08-28"
"4","Statement of changes in beneficial ownership of securities","2023-08-30","2023-08-29"
"144","Report of proposed sale of securities","2023-08-28",""
"10-Q","Quarterly report [Sections 13 or 15(d)]","2023-08-28","2023-07-30"
"8-K","Current report","2023-08-23","2023-08-23"
"4","Statement of changes in beneficial ownership of securities","2023-08-09","2023-08-08"
"3","Initial statement of beneficial ownership of securities","2023-08-01","2023-07-24"
"8-K","Current report","2023-07-24","2023-07-24"
"UPLOAD","SEC-generated letter","2023-07-03",""
"CORRESP","Correspondence","2023-06-29",""
"4","Statement of changes in beneficial ownership of securities","2023-06-27","2023-06-23"
"4","Statement of changes in beneficial ownership of securities","2023-06-27","2023-06-23"
"4","Statement of changes in beneficial ownership of securities","2023-06-27","2023-06-23"
"4","Statement of changes in beneficial ownership of securities","2023-06-27","2023-06-23"
"4","Statement of changes in beneficial ownership of securities","2023-06-27","2023-06-23"
"4","Statement of changes in beneficial ownership of securities","2023-06-27","2023-06-23"
"4","Statement of changes in beneficial ownership of securities","2023-06-27","2023-06-23"
"4","Statement of changes in beneficial ownership of securities","2023-06-27","2023-06-23"
"4","Statement of changes in beneficial ownership of securities","2023-06-27","2023-06-23"
"4","Statement of changes in beneficial ownership of securities","2023-06-27","2023-06-23"
"4","Statement of changes in beneficial ownership of securities","2023-06-27","2023-06-23"
"4","Statement of changes in beneficial ownership of securities","2023-06-27","2023-06-23"
"8-K","Current report","2023-06-27","2023-06-22"
"144","Report of proposed sale of securities","2023-06-26",""
"4","Statement of changes in beneficial ownership of securities","2023-06-23","2023-06-21"
"4","Statement of changes in beneficial ownership of securities","2023-06-23","2023-06-21"
"4","Statement of changes in beneficial ownership of securities","2023-06-23","2023-06-21"
"4","Statement of changes in beneficial ownership of securities","2023-06-23","2023-06-21"
"4","Statement of changes in beneficial ownership of securities","2023-06-23","2023-06-21"
"4","Statement of changes in beneficial ownership of securities","2023-06-23","2023-06-21"
"4","Statement of changes in beneficial ownership of securities","2023-06-21","2023-06-16"
"144","Report of proposed sale of securities","2023-06-16",""
"4","Statement of changes in beneficial ownership of securities","2023-06-16","2023-06-14"
"4","Statement of changes in beneficial ownership of securities","2023-06-15","2023-06-14"
"UPLOAD","SEC-generated letter","2023-06-15",""
"4","Statement of changes in beneficial ownership of securities","2023-06-14","2023-06-13"
"144","Report of proposed sale of securities","2023-06-14",""
"144","Report of proposed sale of securities","2023-06-14",""
"144","Report of proposed sale of securities","2023-06-13",""
"4","Statement of changes in beneficial ownership of securities","2023-06-12","2023-06-08"
"4","Statement of changes in beneficial ownership of securities","2023-06-09","2023-06-07"
"144","Report of proposed sale of securities","2023-06-07",""
"144/A","Report of proposed sale of securities - amendment","2023-06-07",""
"4","Statement of changes in beneficial ownership of securities","2023-06-06","2023-06-02"
"4","Statement of changes in beneficial ownership of securities","2023-06-05","2023-06-01"
"144","Report of proposed sale of securities","2023-06-05",""
"144","Report of proposed sale of securities","2023-06-02",""
"144/A","Report of proposed sale of securities - amendment","2023-06-02",""
"4","Statement of changes in beneficial ownership of securities","2023-06-01","2023-05-30"
"EFFECT","Notice of Effectiveness","2023-05-31",""
"4","Statement of changes in beneficial ownership of securities","2023-05-31","2023-05-26"
"4","Statement of changes in beneficial ownership of securities","2023-05-31","2023-05-26"
"4","Statement of changes in beneficial ownership of securities","2023-05-31","2023-05-26"
"144","Report of proposed sale of securities","2023-05-31",""
"CORRESP","Correspondence","2023-05-26",""
"S-3/A","Registration statement under Securities Act of 1933 - amendment","2023-05-26",""
"144/A","Report of proposed sale of securities - amendment","2023-05-26",""
"10-Q","Quarterly report [Sections 13 or 15(d)]","2023-05-26","2023-04-30"
"144","Report of proposed sale of securities","2023-05-26",""
"144","Report of proposed sale of securities","2023-05-26",""
"8-K","Current report","2023-05-24","2023-05-24"
"4","Statement of changes in beneficial ownership of securities","2023-05-22","2023-05-18"
"144","Report of proposed sale of securities","2023-05-18",""
"ARS","Annual Report to Security Holders","2023-05-08","2023-01-29"
"DEFA14A","Additional definitive proxy soliciting materials and Rule 14(a)(12) material","2023-05-08",""
"DEF 14A","Other definitive proxy statements","2023-05-08",""
"SD","Form - SD","2023-04-26",""
"4","Statement of changes in beneficial ownership of securities","2023-03-31","2023-03-30"
"4","Statement of changes in beneficial ownership of securities","2023-03-17","2023-03-15"
"4","Statement of changes in beneficial ownership of securities","2023-03-17","2023-03-15"
"4","Statement of changes in beneficial ownership of securities","2023-03-17","2023-03-15"
"4","Statement of changes in beneficial ownership of securities","2023-03-17","2023-03-15"
"4","Statement of changes in beneficial ownership of securities","2023-03-17","2023-03-15"
"4","Statement of changes in beneficial ownership of securities","2023-03-17","2023-03-15"
"4","Statement of changes in beneficial ownership of securities","2023-03-15","2023-03-13"
"4/A","Statement of changes in beneficial ownership of securities - amendment","2023-03-14","2022-12-14"
"4/A","Statement of changes in beneficial ownership of securities - amendment","2023-03-14","2023-01-26"
"4","Statement of changes in beneficial ownership of securities","2023-03-14","2023-03-10"
"4","Statement of changes in beneficial ownership of securities","2023-03-14","2023-03-10"
"4","Statement of changes in beneficial ownership of securities","2023-03-14","2023-03-10"
"4","Statement of changes in beneficial ownership of securities","2023-03-14","2023-03-10"
"4","Statement of changes in beneficial ownership of securities","2023-03-09","2023-03-07"
"8-K","Current report","2023-03-08","2023-03-02"
"4","Statement of changes in beneficial ownership of securities","2023-03-06","2023-03-02"
"4","Statement of changes in beneficial ownership of securities","2023-03-06","2023-03-02"
"4","Statement of changes in beneficial ownership of securities","2023-03-06","2023-03-02"
"4","Statement of changes in beneficial ownership of securities","2023-03-06","2023-03-02"
"4","Statement of changes in beneficial ownership of securities","2023-03-06","2023-03-02"
"UPLOAD","SEC-generated letter","2023-03-03",""
"4","Statement of changes in beneficial ownership of securities","2023-02-28","2023-02-24"
"4","Statement of changes in beneficial ownership of securities","2023-02-28","2023-02-27"
"S-3","Registration statement under Securities Act of 1933","2023-02-28",""
"10-K","Annual report [Section 13 and 15(d), not S-K Item 405]","2023-02-24","2023-01-29"
"8-K","Current report","2023-02-22","2023-02-22"
"SC 13G/A","Statement of acquisition of beneficial ownership by individuals - amendment","2023-02-09",""
"SC 13G/A","Statement of acquisition of beneficial ownership by individuals - amendment","2023-02-09",""
"SC 13G/A","Statement of acquisition of beneficial ownership by individuals - amendment","2023-01-31",""
"4","Statement of changes in beneficial ownership of securities","2023-01-27","2023-01-27"
"4","Statement of changes in beneficial ownership of securities","2023-01-27","2023-01-26"
"4","Statement of changes in beneficial ownership of securities","2023-01-17","2023-01-12"
"4","Statement of changes in beneficial ownership of securities","2023-01-11","2023-01-09"
"4","Statement of changes in beneficial ownership of securities","2022-12-22","2022-12-21"
"4","Statement of changes in beneficial ownership of securities","2022-12-19","2022-12-19"
"4","Statement of changes in beneficial ownership of securities","2022-12-16","2022-12-14"
"4","Statement of changes in beneficial ownership of securities","2022-12-16","2022-12-14"
"4","Statement of changes in beneficial ownership of securities","2022-12-16","2022-12-14"
"4","Statement of changes in beneficial ownership of securities","2022-12-16","2022-12-14"
"4","Statement of changes in beneficial ownership of securities","2022-12-16","2022-12-14"
"4","Statement of changes in beneficial ownership of securities","2022-12-16","2022-12-14"
"4","Statement of changes in beneficial ownership of securities","2022-12-14","2022-12-13"
"4","Statement of changes in beneficial ownership of securities","2022-12-09","2022-12-08"
"4","Statement of changes in beneficial ownership of securities","2022-12-01","2022-11-29"
"4","Statement of changes in beneficial ownership of securities","2022-11-22","2022-11-18"
"4","Statement of changes in beneficial ownership of securities","2022-11-22","2022-11-21"
"4","Statement of changes in beneficial ownership of securities","2022-11-22","2022-11-21"
"10-Q","Quarterly report [Sections 13 or 15(d)]","2022-11-18","2022-10-30"
"8-K","Current report","2022-11-16","2022-11-16"
"4","Statement of changes in beneficial ownership of securities","2022-10-17","2022-10-13"
"4","Statement of changes in beneficial ownership of securities","2022-10-13","2022-10-11"
"4","Statement of changes in beneficial ownership of securities","2022-10-13","2022-10-11"
"UPLOAD","SEC-generated letter","2022-10-06",""
"4","Statement of changes in beneficial ownership of securities","2022-09-23","2022-09-21"
"4","Statement of changes in beneficial ownership of securities","2022-09-23","2022-09-21"
"4","Statement of changes in beneficial ownership of securities","2022-09-23","2022-09-21"
"4","Statement of changes in beneficial ownership of securities","2022-09-23","2022-09-21"
"4","Statement of changes in beneficial ownership of securities","2022-09-23","2022-09-21"
"4","Statement of changes in beneficial ownership of securities","2022-09-23","2022-09-21"
"CORRESP","Correspondence","2022-09-19",""
"4","Statement of changes in beneficial ownership of securities","2022-09-08","2022-09-06"
"UPLOAD","SEC-generated letter","2022-09-08",""
"4","Statement of changes in beneficial ownership of securities","2022-09-06","2022-09-01"
"8-K","Current report","2022-09-01","2022-08-31"
"S-8","Securities to be offered to employees in employee benefit plans","2022-08-31",""
"10-Q","Quarterly report [Sections 13 or 15(d)]","2022-08-31","2022-07-31"
"8-K","Current report","2022-08-31","2022-08-26"
"8-K","Current report","2022-08-24","2022-08-24"
"8-K","Current report","2022-08-08","2022-08-08"
"4","Statement of changes in beneficial ownership of securities","2022-06-17","2022-06-15"
"4","Statement of changes in beneficial ownership of securities","2022-06-17","2022-06-15"
"4","Statement of changes in beneficial ownership of securities","2022-06-17","2022-06-15"
"4","Statement of changes in beneficial ownership of securities","2022-06-17","2022-06-15"
"4","Statement of changes in beneficial ownership of securities","2022-06-17","2022-06-15"
"4","Statement of changes in beneficial ownership of securities","2022-06-17","2022-06-15"
"4","Statement of changes in beneficial ownership of securities","2022-06-15","2022-06-13"
"4","Statement of changes in beneficial ownership of securities","2022-06-09","2022-06-08"
"4","Statement of changes in beneficial ownership of securities","2022-06-09","2022-06-08"
"4","Statement of changes in beneficial ownership of securities","2022-06-07","2022-06-03"
"4","Statement of changes in beneficial ownership of securities","2022-06-07","2022-06-03"
"4","Statement of changes in beneficial ownership of securities","2022-06-07","2022-06-03"
"4","Statement of changes in beneficial ownership of securities","2022-06-07","2022-06-03"
"4","Statement of changes in beneficial ownership of securities","2022-06-07","2022-06-03"
"4","Statement of changes in beneficial ownership of securities","2022-06-07","2022-06-03"
"4","Statement of changes in beneficial ownership of securities","2022-06-07","2022-06-03"
"4","Statement of changes in beneficial ownership of securities","2022-06-07","2022-06-03"
"4","Statement of changes in beneficial ownership of securities","2022-06-07","2022-06-03"
"4","Statement of changes in beneficial ownership of securities","2022-06-07","2022-06-03"
"4","Statement of changes in beneficial ownership of securities","2022-06-07","2022-06-03"
"4","Statement of changes in beneficial ownership of securities","2022-06-07","2022-06-03"
"8-K","Current report","2022-06-06","2022-06-02"
"4","Statement of changes in beneficial ownership of securities","2022-06-01","2022-05-27"
"4","Statement of changes in beneficial ownership of securities","2022-06-01","2022-05-27"
"SD","Form - SD","2022-05-31",""
"10-Q","Quarterly report [Sections 13 or 15(d)]","2022-05-27","2022-05-01"
"8-K","Current report","2022-05-25","2022-05-25"
"DEFA14A","Additional definitive proxy soliciting materials and Rule 14(a)(12) material","2022-04-20",""
"DEF 14A","Other definitive proxy statements","2022-04-19","2022-06-02"
"DEF 14A","Other definitive proxy statements","2022-04-19","2022-06-02"
"PRE 14A","Other preliminary proxy statements","2022-04-08","2022-06-02"
"4","Statement of changes in beneficial ownership of securities","2022-03-29","2022-03-28"
"4","Statement of changes in beneficial ownership of securities","2022-03-21","2022-03-18"
"4","Statement of changes in beneficial ownership of securities","2022-03-18","2022-03-16"
"4","Statement of changes in beneficial ownership of securities","2022-03-18","2022-03-16"
"4","Statement of changes in beneficial ownership of securities","2022-03-18","2022-03-16"
"4","Statement of changes in beneficial ownership of securities","2022-03-18","2022-03-16"
"4","Statement of changes in beneficial ownership of securities","2022-03-18","2022-03-16"
"4","Statement of changes in beneficial ownership of securities","2022-03-18","2022-03-16"
"10-K","Annual report [Section 13 and 15(d), not S-K Item 405]","2022-03-18","2022-01-30"
"4","Statement of changes in beneficial ownership of securities","2022-03-14","2022-03-10"
"4","Statement of changes in beneficial ownership of securities","2022-03-14","2022-03-10"
"4","Statement of changes in beneficial ownership of securities","2022-03-14","2022-03-10"
"4","Statement of changes in beneficial ownership of securities","2022-03-14","2022-03-10"
"8-K","Current report","2022-03-09","2022-03-03"
"4","Statement of changes in beneficial ownership of securities","2022-03-03","2022-03-03"
"4","Statement of changes in beneficial ownership of securities","2022-03-03","2022-03-03"
"4","Statement of changes in beneficial ownership of securities","2022-03-03","2022-03-03"
"4","Statement of changes in beneficial ownership of securities","2022-03-03","2022-03-03"
"4","Statement of changes in beneficial ownership of securities","2022-03-03","2022-03-03"
"5","Annual statement of changes in beneficial ownership of securities","2022-03-03","2022-01-30"
"5","Annual statement of changes in beneficial ownership of securities","2022-03-03","2022-01-30"
"4","Statement of changes in beneficial ownership of securities","2022-03-02","2022-03-01"
"8-K","Current report","2022-02-16","2022-02-16"
"SC 13G/A","Statement of acquisition of beneficial ownership by individuals - amendment","2022-02-10",""
"SC 13G/A","Statement of acquisition of beneficial ownership by individuals - amendment","2022-02-09",""
"8-K","Current report","2022-02-08","2022-02-08"
"SC 13G/A","Statement of acquisition of beneficial ownership by individuals - amendment","2022-02-01",""
"4","Statement of changes in beneficial ownership of securities","2022-01-05","2022-01-03"
"4","Statement of changes in beneficial ownership of securities","2021-12-23","2021-12-23"
"4","Statement of changes in beneficial ownership of securities","2021-12-20","2021-12-16"
"4","Statement of changes in beneficial ownership of securities","2021-12-15","2021-12-13"
"4","Statement of changes in beneficial ownership of securities","2021-12-10","2021-12-08"
"4","Statement of changes in beneficial ownership of securities","2021-12-10","2021-12-08"
"4","Statement of changes in beneficial ownership of securities","2021-12-10","2021-12-08"
"4","Statement of changes in beneficial ownership of securities","2021-12-10","2021-12-08"
"4","Statement of changes in beneficial ownership of securities","2021-12-10","2021-12-08"
"4","Statement of changes in beneficial ownership of securities","2021-12-10","2021-12-08"
"4","Statement of changes in beneficial ownership of securities","2021-12-03","2021-12-01"
"4","Statement of changes in beneficial ownership of securities","2021-11-23","2021-11-22"
"4","Statement of changes in beneficial ownership of securities","2021-11-23","2021-11-19"
"4","Statement of changes in beneficial ownership of securities","2021-11-22","2021-11-19"
"4","Statement of changes in beneficial ownership of securities","2021-11-22","2021-11-19"
"10-Q","Quarterly report [Sections 13 or 15(d)]","2021-11-22","2021-10-31"
"8-K","Current report","2021-11-17","2021-11-17"
"4","Statement of changes in beneficial ownership of securities","2021-10-14","2021-10-13"
"4","Statement of changes in beneficial ownership of securities","2021-09-17","2021-09-15"
"4","Statement of changes in beneficial ownership of securities","2021-09-17","2021-09-15"
"4","Statement of changes in beneficial ownership of securities","2021-09-17","2021-09-15"
"4","Statement of changes in beneficial ownership of securities","2021-09-17","2021-09-15"
"4","Statement of changes in beneficial ownership of securities","2021-09-17","2021-09-15"
"4","Statement of changes in beneficial ownership of securities","2021-09-17","2021-09-15"
"4","Statement of changes in beneficial ownership of securities","2021-09-14","2021-09-13"
"4","Statement of changes in beneficial ownership of securities","2021-09-03","2021-09-01"
"4","Statement of changes in beneficial ownership of securities","2021-09-03","2021-09-01"
"4","Statement of changes in beneficial ownership of securities","2021-08-26","2021-08-24"
"S-8","Securities to be offered to employees in employee benefit plans","2021-08-25",""
"4","Statement of changes in beneficial ownership of securities","2021-08-24","2021-08-20"
"10-Q","Quarterly report [Sections 13 or 15(d)]","2021-08-20","2021-08-01"
"8-K","Current report","2021-08-18","2021-08-18"
"4","Statement of changes in beneficial ownership of securities","2021-08-04","2021-08-02"
"4","Statement of changes in beneficial ownership of securities","2021-07-13","2021-07-09"
"4","Statement of changes in beneficial ownership of securities","2021-07-06","2021-07-01"
"4","Statement of changes in beneficial ownership of securities","2021-06-29","2021-06-28"
"8-K","Current report","2021-06-28","2021-06-28"
"4","Statement of changes in beneficial ownership of securities","2021-06-21","2021-06-21"
"4","Statement of changes in beneficial ownership of securities","2021-06-21","2021-06-16"
"4","Statement of changes in beneficial ownership of securities","2021-06-21","2021-06-16"
"4","Statement of changes in beneficial ownership of securities","2021-06-21","2021-06-16"
"4","Statement of changes in beneficial ownership of securities","2021-06-21","2021-06-16"
"4","Statement of changes in beneficial ownership of securities","2021-06-21","2021-06-16"
"4","Statement of changes in beneficial ownership of securities","2021-06-21","2021-06-16"
"4","Statement of changes in beneficial ownership of securities","2021-06-21","2021-06-16"
"4","Statement of changes in beneficial ownership of securities","2021-06-17","2021-06-15"
"4","Statement of changes in beneficial ownership of securities","2021-06-16","2021-06-15"
"8-K","Current report","2021-06-16","2021-06-14"
"424B5","Prospectus [Rule 424(b)(5)]","2021-06-15",""
"4","Statement of changes in beneficial ownership of securities","2021-06-15","2021-06-14"
"FWP","Filing under Securities Act Rules 163/433 of free writing prospectuses","2021-06-14",""
"424B5","Prospectus [Rule 424(b)(5)]","2021-06-14",""
"4","Statement of changes in beneficial ownership of securities","2021-06-08","2021-06-04"
"4","Statement of changes in beneficial ownership of securities","2021-06-08","2021-06-04"
"4","Statement of changes in beneficial ownership of securities","2021-06-08","2021-06-04"
"4","Statement of changes in beneficial ownership of securities","2021-06-08","2021-06-04"
"4","Statement of changes in beneficial ownership of securities","2021-06-08","2021-06-04"
"4","Statement of changes in beneficial ownership of securities","2021-06-08","2021-06-04"
"4","Statement of changes in beneficial ownership of securities","2021-06-08","2021-06-04"
"4","Statement of changes in beneficial ownership of securities","2021-06-08","2021-06-04"
"4","Statement of changes in beneficial ownership of securities","2021-06-08","2021-06-04"
"4","Statement of changes in beneficial ownership of securities","2021-06-08","2021-06-04"
"4","Statement of changes in beneficial ownership of securities","2021-06-08","2021-06-04"
"4","Statement of changes in beneficial ownership of securities","2021-06-08","2021-06-04"
"8-K","Current report","2021-06-07","2021-06-03"
"4","Statement of changes in beneficial ownership of securities","2021-06-02","2021-05-28"
"4","Statement of changes in beneficial ownership of securities","2021-06-02","2021-06-01"
"SD","Form - SD","2021-05-28",""
"10-Q","Quarterly report [Sections 13 or 15(d)]","2021-05-26","2021-05-02"
"8-K","Current report","2021-05-26","2021-05-26"
"DEFA14A","Additional definitive proxy soliciting materials and Rule 14(a)(12) material","2021-05-21",""
"8-K","Current report","2021-05-21","2021-05-21"
"DEFA14A","Additional definitive proxy soliciting materials and Rule 14(a)(12) material","2021-04-23",""
"DEF 14A","Other definitive proxy statements","2021-04-23","2021-04-23"
"4","Statement of changes in beneficial ownership of securities","2021-04-15","2021-04-14"
"4","Statement of changes in beneficial ownership of securities","2021-04-13","2021-04-12"
"8-K","Current report","2021-04-12","2021-04-12"
"PRE 14A","Other preliminary proxy statements","2021-04-09","2021-04-09"
"4","Statement of changes in beneficial ownership of securities","2021-04-06","2021-04-05"
"8-K","Current report","2021-03-19","2021-03-15"
"4","Statement of changes in beneficial ownership of securities","2021-03-18","2021-03-16"
"4","Statement of changes in beneficial ownership of securities","2021-03-18","2021-03-16"
"4","Statement of changes in beneficial ownership of securities","2021-03-18","2021-03-16"
"4","Statement of changes in beneficial ownership of securities","2021-03-18","2021-03-16"
"4","Statement of changes in beneficial ownership of securities","2021-03-18","2021-03-17"
"4","Statement of changes in beneficial ownership of securities","2021-03-18","2021-03-17"
"4","Statement of changes in beneficial ownership of securities","2021-03-12","2021-03-11"
"5/A","Annual statement of changes in beneficial ownership of securities - amendment","2021-03-09","2021-01-31"
"4","Statement of changes in beneficial ownership of securities","2021-03-04","2021-03-02"
"4","Statement of changes in beneficial ownership of securities","2021-03-04","2021-03-02"
"4","Statement of changes in beneficial ownership of securities","2021-03-04","2021-03-02"
"4","Statement of changes in beneficial ownership of securities","2021-03-04","2021-03-02"
"4","Statement of changes in beneficial ownership of securities","2021-03-04","2021-03-02"
"5","Annual statement of changes in beneficial ownership of securities","2021-03-03","2021-01-31"
"5","Annual statement of changes in beneficial ownership of securities","2021-03-03","2021-01-31"
"4","Statement of changes in beneficial ownership of securities","2021-03-03","2021-03-01"
"4","Statement of changes in beneficial ownership of securities","2021-03-02","2021-02-26"
"10-K","Annual report [Section 13 and 15(d), not S-K Item 405]","2021-02-26","2021-01-31"
"8-K","Current report","2021-02-24","2021-02-24"
"SC 13G/A","Statement of acquisition of beneficial ownership by individuals - amendment","2021-02-10",""
"SC 13G/A","Statement of acquisition of beneficial ownership by individuals - amendment","2021-02-08",""
"5","Annual statement of changes in beneficial ownership of securities","2021-02-03","2021-01-31"
"SC 13G/A","Statement of acquisition of beneficial ownership by individuals - amendment","2021-01-29",""
"4","Statement of changes in beneficial ownership of securities","2021-01-08","2021-01-07"
"4","Statement of changes in beneficial ownership of securities","2021-01-06","2021-01-04"
"4","Statement of changes in beneficial ownership of securities","2021-01-06","2021-01-04"
"4","Statement of changes in beneficial ownership of securities","2020-12-28","2020-12-23"
"4","Statement of changes in beneficial ownership of securities","2020-12-11","2020-12-09"
"4","Statement of changes in beneficial ownership of securities","2020-12-11","2020-12-09"
"4","Statement of changes in beneficial ownership of securities","2020-12-11","2020-12-09"
"4","Statement of changes in beneficial ownership of securities","2020-12-11","2020-12-09"
"4","Statement of changes in beneficial ownership of securities","2020-12-11","2020-12-09"
"4","Statement of changes in beneficial ownership of securities","2020-12-11","2020-12-09"
"4","Statement of changes in beneficial ownership of securities","2020-12-10","2020-12-08"
"4","Statement of changes in beneficial ownership of securities","2020-12-07","2020-12-03"
"4","Statement of changes in beneficial ownership of securities","2020-12-07","2020-12-03"
"4","Statement of changes in beneficial ownership of securities","2020-12-03","2020-12-01"
"4","Statement of changes in beneficial ownership of securities","2020-12-03","2020-12-01"
"10-Q","Quarterly report [Sections 13 or 15(d)]","2020-11-18","2020-10-25"
"8-K","Current report","2020-11-18","2020-11-18"
"3","Initial statement of beneficial ownership of securities","2020-11-17","2020-11-09"
"8-K","Current report","2020-11-09","2020-11-09"
"4","Statement of changes in beneficial ownership of securities","2020-10-21","2020-10-19"
"S-8","Securities to be offered to employees in employee benefit plans","2020-10-20",""
"4","Statement of changes in beneficial ownership of securities","2020-10-19","2020-10-15"
"4","Statement of changes in beneficial ownership of securities","2020-10-05","2020-10-02"
"4","Statement of changes in beneficial ownership of securities","2020-09-29","2020-09-25"
"4","Statement of changes in beneficial ownership of securities","2020-09-23","2020-09-21"
"4","Statement of changes in beneficial ownership of securities","2020-09-18","2020-09-16"
"4","Statement of changes in beneficial ownership of securities","2020-09-18","2020-09-16"
"4","Statement of changes in beneficial ownership of securities","2020-09-18","2020-09-16"
"4","Statement of changes in beneficial ownership of securities","2020-09-18","2020-09-16"
"4","Statement of changes in beneficial ownership of securities","2020-09-18","2020-09-16"
"4","Statement of changes in beneficial ownership of securities","2020-09-18","2020-09-16"
"4","Statement of changes in beneficial ownership of securities","2020-09-17","2020-09-15"
"4","Statement of changes in beneficial ownership of securities","2020-09-17","2020-09-15"
"8-K","Current report","2020-09-14","2020-09-13"
"4","Statement of changes in beneficial ownership of securities","2020-09-03","2020-09-01"
"4","Statement of changes in beneficial ownership of securities","2020-08-19","2020-08-17"
"10-Q","Quarterly report [Sections 13 or 15(d)]","2020-08-19","2020-07-26"
"8-K","Current report","2020-08-19","2020-08-19"
"4","Statement of changes in beneficial ownership of securities","2020-08-11","2020-08-10"
"4","Statement of changes in beneficial ownership of securities","2020-07-28","2020-07-24"
"3","Initial statement of beneficial ownership of securities","2020-07-21","2020-07-13"
"4","Statement of changes in beneficial ownership of securities","2020-07-13","2019-04-17"
"4","Statement of changes in beneficial ownership of securities","2020-07-13","2020-07-09"
"8-K","Current report","2020-07-13","2020-07-13"
"4","Statement of changes in beneficial ownership of securities","2020-07-06","2020-07-01"
"4","Statement of changes in beneficial ownership of securities","2020-07-06","2020-07-02"
"8-K/A","Current report - amendment","2020-07-01","2020-04-27"
"4","Statement of changes in beneficial ownership of securities","2020-06-26","2020-06-24"
"4","Statement of changes in beneficial ownership of securities","2020-06-23","2020-06-19"
"4","Statement of changes in beneficial ownership of securities","2020-06-19","2020-06-17"
"4","Statement of changes in beneficial ownership of securities","2020-06-19","2020-06-17"
"4","Statement of changes in beneficial ownership of securities","2020-06-19","2020-06-17"
"4","Statement of changes in beneficial ownership of securities","2020-06-19","2020-06-17"
"4","Statement of changes in beneficial ownership of securities","2020-06-19","2020-06-17"
"8-K","Current report","2020-06-15","2020-06-09"
"S-8","Securities to be offered to employees in employee benefit plans","2020-06-15",""
"4","Statement of changes in beneficial ownership of securities","2020-06-12","2020-06-10"
"4","Statement of changes in beneficial ownership of securities","2020-06-12","2020-06-10"
"4","Statement of changes in beneficial ownership of securities","2020-06-12","2020-06-10"
"4","Statement of changes in beneficial ownership of securities","2020-06-12","2020-06-10"
"4","Statement of changes in beneficial ownership of securities","2020-06-12","2020-06-10"
"4","Statement of changes in beneficial ownership of securities","2020-06-12","2020-06-10"
"4","Statement of changes in beneficial ownership of securities","2020-06-12","2020-06-10"
"4","Statement of changes in beneficial ownership of securities","2020-06-12","2020-06-10"
"4","Statement of changes in beneficial ownership of securities","2020-06-12","2020-06-10"
"4","Statement of changes in beneficial ownership of securities","2020-06-12","2020-06-10"
"4","Statement of changes in beneficial ownership of securities","2020-06-11","2020-06-09"
"4","Statement of changes in beneficial ownership of securities","2020-06-02","2020-06-01"
"SD","Form - SD","2020-06-01",""
"4","Statement of changes in beneficial ownership of securities","2020-05-29","2020-05-27"
"4","Statement of changes in beneficial ownership of securities","2020-05-29","2020-05-27"
"4","Statement of changes in beneficial ownership of securities","2020-05-28","2020-05-26"
"4","Statement of changes in beneficial ownership of securities","2020-05-28","2020-05-26"
"4","Statement of changes in beneficial ownership of securities","2020-05-28","2020-05-26"
"4","Statement of changes in beneficial ownership of securities","2020-05-21","2020-05-08"
"10-Q","Quarterly report [Sections 13 or 15(d)]","2020-05-21","2020-04-26"
"8-K","Current report","2020-05-21","2020-05-21"
"DEFA14A","Additional definitive proxy soliciting materials and Rule 14(a)(12) material","2020-04-29",""
"DEF 14A","Other definitive proxy statements","2020-04-29","2020-06-09"
"8-K","Current report","2020-04-27","2020-04-27"
"S-8","Securities to be offered to employees in employee benefit plans","2020-04-24",""
"8-K","Current report","2020-04-17","2020-04-16"
"4","Statement of changes in beneficial ownership of securities","2020-04-13","2020-04-09"
"4","Statement of changes in beneficial ownership of securities","2020-04-08","2020-04-06"
"4","Statement of changes in beneficial ownership of securities","2020-04-02","2020-03-31"
"4","Statement of changes in beneficial ownership of securities","2020-04-01","2020-03-31"
"8-K","Current report","2020-03-31","2020-03-26"
"424B5","Prospectus [Rule 424(b)(5)]","2020-03-27",""
"FWP","Filing under Securities Act Rules 163/433 of free writing prospectuses","2020-03-26",""
"424B5","Prospectus [Rule 424(b)(5)]","2020-03-26",""
"S-3ASR","Automatic shelf registration statement of securities of well-known seasoned issuers","2020-03-26",""
"4","Statement of changes in beneficial ownership of securities","2020-03-20","2020-03-18"
"4","Statement of changes in beneficial ownership of securities","2020-03-20","2020-03-18"
"4","Statement of changes in beneficial ownership of securities","2020-03-20","2020-03-18"
"4","Statement of changes in beneficial ownership of securities","2020-03-20","2020-03-18"
"4","Statement of changes in beneficial ownership of securities","2020-03-20","2020-03-18"
"4","Statement of changes in beneficial ownership of securities","2020-03-17","2020-03-16"
"4","Statement of changes in beneficial ownership of securities","2020-03-11","2020-03-09"
"4","Statement of changes in beneficial ownership of securities","2020-03-11","2020-03-09"
"4","Statement of changes in beneficial ownership of securities","2020-03-11","2020-03-09"
"4","Statement of changes in beneficial ownership of securities","2020-03-11","2020-03-09"
"5","Annual statement of changes in beneficial ownership of securities","2020-03-11","2020-01-26"
"8-K","Current report","2020-03-10","2020-03-04"
"5","Annual statement of changes in beneficial ownership of securities","2020-03-03","2020-01-26"
"4","Statement of changes in beneficial ownership of securities","2020-03-03","2020-03-02"
"4","Statement of changes in beneficial ownership of securities","2020-02-25","2020-02-24"
"4","Statement of changes in beneficial ownership of securities","2020-02-21","2020-02-20"
"4","Statement of changes in beneficial ownership of securities","2020-02-20","2020-02-18"
"4","Statement of changes in beneficial ownership of securities","2020-02-20","2020-02-18"
"4","Statement of changes in beneficial ownership of securities","2020-02-20","2020-02-18"
"4","Statement of changes in beneficial ownership of securities","2020-02-20","2020-02-18"
"4","Statement of changes in beneficial ownership of securities","2020-02-20","2020-02-18"
"4","Statement of changes in beneficial ownership of securities","2020-02-20","2020-02-18"
"4","Statement of changes in beneficial ownership of securities","2020-02-20","2020-02-18"
"4","Statement of changes in beneficial ownership of securities","2020-02-20","2020-02-18"
"10-K","Annual report [Section 13 and 15(d), not S-K Item 405]","2020-02-20","2020-01-26"
"8-K","Current report","2020-02-13","2020-02-13"
"SC 13G/A","Statement of acquisition of beneficial ownership by individuals - amendment","2020-02-12",""
"SC 13G/A","Statement of acquisition of beneficial ownership by individuals - amendment","2020-02-07",""
"SC 13G/A","Statement of acquisition of beneficial ownership by individuals - amendment","2020-02-05",""
"4/A","Statement of changes in beneficial ownership of securities - amendment","2020-01-29","2019-12-13"
"4","Statement of changes in beneficial ownership of securities","2020-01-22","2020-01-21"
"4","Statement of changes in beneficial ownership of securities","2020-01-07","2020-01-06"
"4","Statement of changes in beneficial ownership of securities","2019-12-27","2019-12-23"
"4","Statement of changes in beneficial ownership of securities","2019-12-20","2019-12-18"
"4","Statement of changes in beneficial ownership of securities","2019-12-17","2019-12-13"
"4","Statement of changes in beneficial ownership of securities","2019-12-17","2019-12-13"
"4","Statement of changes in beneficial ownership of securities","2019-12-12","2019-12-11"
"4","Statement of changes in beneficial ownership of securities","2019-12-12","2019-12-11"
"4","Statement of changes in beneficial ownership of securities","2019-12-12","2019-12-11"
"4","Statement of changes in beneficial ownership of securities","2019-12-12","2019-12-11"
"4","Statement of changes in beneficial ownership of securities","2019-12-12","2019-12-11"
"4","Statement of changes in beneficial ownership of securities","2019-12-04","2019-12-03"
"4","Statement of changes in beneficial ownership of securities","2019-12-04","2019-12-03"
"4","Statement of changes in beneficial ownership of securities","2019-11-26","2019-11-25"
"4","Statement of changes in beneficial ownership of securities","2019-11-26","2019-11-26"
"4","Statement of changes in beneficial ownership of securities","2019-11-20","2019-11-18"
"10-Q","Quarterly report [Sections 13 or 15(d)]","2019-11-14","2019-10-27"
"8-K","Current report","2019-11-14","2019-11-14"
"4","Statement of changes in beneficial ownership of securities","2019-09-20","2019-09-18"
"4","Statement of changes in beneficial ownership of securities","2019-09-20","2019-09-18"
"4","Statement of changes in beneficial ownership of securities","2019-09-20","2019-09-18"
"4","Statement of changes in beneficial ownership of securities","2019-09-20","2019-09-18"
"4","Statement of changes in beneficial ownership of securities","2019-09-20","2019-09-18"
"4","Statement of changes in beneficial ownership of securities","2019-09-18","2019-09-16"
"4","Statement of changes in beneficial ownership of securities","2019-09-12","2019-09-10"
"4","Statement of changes in beneficial ownership of securities","2019-09-04","2019-08-29"
"4","Statement of changes in beneficial ownership of securities","2019-08-28","2019-08-26"
"4","Statement of changes in beneficial ownership of securities","2019-08-26","2019-08-22"
"4","Statement of changes in beneficial ownership of securities","2019-08-21","2019-08-19"
"10-Q","Quarterly report [Sections 13 or 15(d)]","2019-08-15","2019-07-28"
"8-K","Current report","2019-08-15","2019-08-15"
"4","Statement of changes in beneficial ownership of securities","2019-07-16","2019-07-15"
"4","Statement of changes in beneficial ownership of securities","2019-07-11","2019-07-10"
"4","Statement of changes in beneficial ownership of securities","2019-07-01","2019-06-28"
"4","Statement of changes in beneficial ownership of securities","2019-06-20","2019-06-19"
"3","Initial statement of beneficial ownership of securities","2019-06-20","2019-06-17"
"4","Statement of changes in beneficial ownership of securities","2019-06-20","2019-06-19"
"4","Statement of changes in beneficial ownership of securities","2019-06-20","2019-06-19"
"4","Statement of changes in beneficial ownership of securities","2019-06-20","2019-06-19"
"4","Statement of changes in beneficial ownership of securities","2019-06-20","2019-06-19"
"4","Statement of changes in beneficial ownership of securities","2019-06-18","2019-06-17"
"4","Statement of changes in beneficial ownership of securities","2019-06-17","2019-06-17"
"8-K","Current report","2019-06-17","2019-06-17"
"UPLOAD","SEC-generated letter","2019-06-06",""
"SD","Form - SD","2019-05-31",""
"8-K","Current report","2019-05-29","2019-05-22"
"4","Statement of changes in beneficial ownership of securities","2019-05-28","2019-05-23"
"4","Statement of changes in beneficial ownership of securities","2019-05-28","2019-05-23"
"4","Statement of changes in beneficial ownership of securities","2019-05-28","2019-05-23"
"4","Statement of changes in beneficial ownership of securities","2019-05-28","2019-05-23"
"4","Statement of changes in beneficial ownership of securities","2019-05-28","2019-05-23"
"4","Statement of changes in beneficial ownership of securities","2019-05-28","2019-05-23"
"4","Statement of changes in beneficial ownership of securities","2019-05-28","2019-05-23"
"4","Statement of changes in beneficial ownership of securities","2019-05-28","2019-05-23"
"4","Statement of changes in beneficial ownership of securities","2019-05-28","2019-05-23"
"4","Statement of changes in beneficial ownership of securities","2019-05-24","2019-05-23"
"4","Statement of changes in beneficial ownership of securities","2019-05-24","2019-05-23"
"CORRESP","Correspondence","2019-05-21",""
"10-Q","Quarterly report [Sections 13 or 15(d)]","2019-05-16","2019-04-28"
"8-K","Current report","2019-05-16","2019-05-16"
"UPLOAD","SEC-generated letter","2019-05-08",""
"DEFA14A","Additional definitive proxy soliciting materials and Rule 14(a)(12) material","2019-04-12",""
"DEF 14A","Other definitive proxy statements","2019-04-12","2019-05-22"
"4","Statement of changes in beneficial ownership of securities","2019-04-09","2019-04-08"
"3","Initial statement of beneficial ownership of securities","2019-04-09","2019-03-30"
"4","Statement of changes in beneficial ownership of securities","2019-04-04","2019-04-03"
"PRE 14A","Other preliminary proxy statements","2019-04-01","2019-04-01"
"8-K","Current report","2019-04-01","2019-03-30"
"4","Statement of changes in beneficial ownership of securities","2019-03-22","2019-03-20"
"4","Statement of changes in beneficial ownership of securities","2019-03-22","2019-03-20"
"4","Statement of changes in beneficial ownership of securities","2019-03-22","2019-03-20"
"4","Statement of changes in beneficial ownership of securities","2019-03-22","2019-03-20"
"4","Statement of changes in beneficial ownership of securities","2019-03-22","2019-03-20"
"4","Statement of changes in beneficial ownership of securities","2019-03-22","2019-03-20"
"DFAN14A","Additional definitive proxy soliciting materials filed by non-management and Rule 14(a)(12) material","2019-03-13",""
"4","Statement of changes in beneficial ownership of securities","2019-03-12","2019-03-08"
"4","Statement of changes in beneficial ownership of securities","2019-03-12","2019-03-08"
"4","Statement of changes in beneficial ownership of securities","2019-03-12","2019-03-08"
"4","Statement of changes in beneficial ownership of securities","2019-03-12","2019-03-08"
"4","Statement of changes in beneficial ownership of securities","2019-03-12","2019-03-08"
"4","Statement of changes in beneficial ownership of securities","2019-03-12","2019-03-08"
"8-K","Current report","2019-03-11","2019-03-10"
"8-K","Current report","2019-03-11","2019-03-06"
"4","Statement of changes in beneficial ownership of securities","2019-03-05","2019-03-01"
"S-8","Securities to be offered to employees in employee benefit plans","2019-02-21",""
"10-K","Annual report [Section 13 and 15(d), not S-K Item 405]","2019-02-21","2019-01-27"
"4","Statement of changes in beneficial ownership of securities","2019-02-20","2019-02-15"
"4","Statement of changes in beneficial ownership of securities","2019-02-20","2019-02-15"
"4","Statement of changes in beneficial ownership of securities","2019-02-20","2019-02-15"
"4","Statement of changes in beneficial ownership of securities","2019-02-20","2019-02-15"
"4","Statement of changes in beneficial ownership of securities","2019-02-20","2019-02-15"
"4","Statement of changes in beneficial ownership of securities","2019-02-20","2019-02-15"
"8-K","Current report","2019-02-14","2019-02-14"
"5","Annual statement of changes in beneficial ownership of securities","2019-02-13","2019-01-27"
"SC 13G/A","Statement of acquisition of beneficial ownership by individuals - amendment","2019-02-13",""
"SC 13G/A","Statement of acquisition of beneficial ownership by individuals - amendment","2019-02-11",""
"SC 13G/A","Statement of acquisition of beneficial ownership by individuals - amendment","2019-02-06",""
"8-K","Current report","2019-01-28","2019-01-28"
"4","Statement of changes in beneficial ownership of securities","2019-01-04","2019-01-02"
"4","Statement of changes in beneficial ownership of securities","2018-12-17","2018-12-14"
"4","Statement of changes in beneficial ownership of securities","2018-12-14","2018-12-12"
"4","Statement of changes in beneficial ownership of securities","2018-12-14","2018-12-12"
"4","Statement of changes in beneficial ownership of securities","2018-12-14","2018-12-12"
"4","Statement of changes in beneficial ownership of securities","2018-12-14","2018-12-12"
"4","Statement of changes in beneficial ownership of securities","2018-12-14","2018-12-12"
"4","Statement of changes in beneficial ownership of securities","2018-12-14","2018-12-12"
"10-Q","Quarterly report [Sections 13 or 15(d)]","2018-11-15","2018-10-28"
"8-K","Current report","2018-11-15","2018-11-15"
"4","Statement of changes in beneficial ownership of securities","2018-10-04","2018-10-02"
"4","Statement of changes in beneficial ownership of securities","2018-09-26","2018-09-24"
"4","Statement of changes in beneficial ownership of securities","2018-09-21","2018-09-19"
"4","Statement of changes in beneficial ownership of securities","2018-09-21","2018-09-19"
"4","Statement of changes in beneficial ownership of securities","2018-09-21","2018-09-19"
"4","Statement of changes in beneficial ownership of securities","2018-09-21","2018-09-19"
"4","Statement of changes in beneficial ownership of securities","2018-09-21","2018-09-19"
"4","Statement of changes in beneficial ownership of securities","2018-09-21","2018-09-19"
"4","Statement of changes in beneficial ownership of securities","2018-09-13","2018-09-11"
"4","Statement of changes in beneficial ownership of securities","2018-09-13","2018-09-11"
"4","Statement of changes in beneficial ownership of securities","2018-09-13","2018-09-11"
"4","Statement of changes in beneficial ownership of securities","2018-09-13","2018-09-11"
"4","Statement of changes in beneficial ownership of securities","2018-09-13","2018-09-11"
"4","Statement of changes in beneficial ownership of securities","2018-09-05","2018-09-04"
"10-Q","Quarterly report [Sections 13 or 15(d)]","2018-08-16","2018-07-29"
"8-K","Current report","2018-08-16","2018-08-16"
"4","Statement of changes in beneficial ownership of securities","2018-06-28","2018-06-26"
"4","Statement of changes in beneficial ownership of securities","2018-06-22","2018-06-20"
"4","Statement of changes in beneficial ownership of securities","2018-06-22","2018-06-20"
"4","Statement of changes in beneficial ownership of securities","2018-06-22","2018-06-20"
"4","Statement of changes in beneficial ownership of securities","2018-06-22","2018-06-20"
"4","Statement of changes in beneficial ownership of securities","2018-06-22","2018-06-20"
"4","Statement of changes in beneficial ownership of securities","2018-06-22","2018-06-20"
"4","Statement of changes in beneficial ownership of securities","2018-06-18","2018-06-14"
"4","Statement of changes in beneficial ownership of securities","2018-06-18","2018-06-14"
"4","Statement of changes in beneficial ownership of securities","2018-06-15","2018-06-13"
"4","Statement of changes in beneficial ownership of securities","2018-06-06","2018-06-04"
"4","Statement of changes in beneficial ownership of securities","2018-06-01","2018-05-31"
"4","Statement of changes in beneficial ownership of securities","2018-05-31","2018-05-29"
"SD","Form - SD","2018-05-31",""
"4","Statement of changes in beneficial ownership of securities","2018-05-23","2018-05-21"
"10-Q","Quarterly report [Sections 13 or 15(d)]","2018-05-22","2018-04-29"
"4","Statement of changes in beneficial ownership of securities","2018-05-21","2018-05-17"
"4","Statement of changes in beneficial ownership of securities","2018-05-21","2018-05-17"
"4","Statement of changes in beneficial ownership of securities","2018-05-21","2018-05-17"
"4","Statement of changes in beneficial ownership of securities","2018-05-21","2018-05-17"
"4","Statement of changes in beneficial ownership of securities","2018-05-21","2018-05-17"
"4","Statement of changes in beneficial ownership of securities","2018-05-21","2018-05-17"
"4","Statement of changes in beneficial ownership of securities","2018-05-21","2018-05-17"
"4","Statement of changes in beneficial ownership of securities","2018-05-21","2018-05-17"
"4","Statement of changes in beneficial ownership of securities","2018-05-21","2018-05-17"
"4","Statement of changes in beneficial ownership of securities","2018-05-21","2018-05-17"
"8-K","Current report","2018-05-21","2018-05-16"
"4","Statement of changes in beneficial ownership of securities","2018-05-17","2013-03-22"
"8-K","Current report","2018-05-10","2018-05-10"
"DEFA14A","Additional definitive proxy soliciting materials and Rule 14(a)(12) material","2018-04-06",""
"DEF 14A","Other definitive proxy statements","2018-04-06","2018-05-16"
"4","Statement of changes in beneficial ownership of securities","2018-03-29","2018-03-28"
"4","Statement of changes in beneficial ownership of securities","2018-03-29","2018-03-27"
"4","Statement of changes in beneficial ownership of securities","2018-03-23","2018-03-21"
"4","Statement of changes in beneficial ownership of securities","2018-03-23","2018-03-21"
"4","Statement of changes in beneficial ownership of securities","2018-03-23","2018-03-21"
"4","Statement of changes in beneficial ownership of securities","2018-03-23","2018-03-21"
"4","Statement of changes in beneficial ownership of securities","2018-03-23","2018-03-21"
"4","Statement of changes in beneficial ownership of securities","2018-03-23","2018-03-21"
"5","Annual statement of changes in beneficial ownership of securities","2018-03-14","2018-01-28"
"8-K","Current report","2018-03-13","2018-03-07"
"4","Statement of changes in beneficial ownership of securities","2018-03-12","2018-03-08"
"4","Statement of changes in beneficial ownership of securities","2018-03-12","2018-03-08"
"4","Statement of changes in beneficial ownership of securities","2018-03-12","2018-03-08"
"4","Statement of changes in beneficial ownership of securities","2018-03-12","2018-03-08"
"4","Statement of changes in beneficial ownership of securities","2018-03-12","2018-03-08"
"4","Statement of changes in beneficial ownership of securities","2018-03-12","2018-03-08"
"4","Statement of changes in beneficial ownership of securities","2018-03-06","2018-03-02"
"10-K","Annual report [Section 13 and 15(d), not S-K Item 405]","2018-02-28","2018-01-28"
"5","Annual statement of changes in beneficial ownership of securities","2018-02-21","2018-01-28"
"4","Statement of changes in beneficial ownership of securities","2018-02-20","2018-02-15"
"4","Statement of changes in beneficial ownership of securities","2018-02-13","2018-02-12"
"SC 13G/A","Statement of acquisition of beneficial ownership by individuals - amendment","2018-02-09",""
"8-K","Current report","2018-02-08","2018-02-08"
"SC 13G/A","Statement of acquisition of beneficial ownership by individuals - amendment","2018-02-08",""
"SC 13G/A","Statement of acquisition of beneficial ownership by individuals - amendment","2018-01-10",""
"4","Statement of changes in beneficial ownership of securities","2017-12-20","2017-12-20"
"4","Statement of changes in beneficial ownership of securities","2017-12-15","2017-12-13"
"4","Statement of changes in beneficial ownership of securities","2017-12-15","2017-12-13"
"4","Statement of changes in beneficial ownership of securities","2017-12-15","2017-12-13"
"4","Statement of changes in beneficial ownership of securities","2017-12-15","2017-12-13"
"8-K","Current report","2017-12-15","2017-12-15"
"4","Statement of changes in beneficial ownership of securities","2017-11-27","2017-11-22"
"4","Statement of changes in beneficial ownership of securities","2017-11-22","2017-11-20"
"10-Q","Quarterly report [Sections 13 or 15(d)]","2017-11-21","2017-10-29"
"4","Statement of changes in beneficial ownership of securities","2017-11-14","2017-11-13"
"4","Statement of changes in beneficial ownership of securities","2017-11-14","2017-11-13"
"8-K","Current report","2017-11-09","2017-11-06"
"4/A","Statement of changes in beneficial ownership of securities - amendment","2017-10-12","2017-10-10"
"4","Statement of changes in beneficial ownership of securities","2017-10-11","2017-10-10"
"4","Statement of changes in beneficial ownership of securities","2017-10-11","2017-10-09"
"4","Statement of changes in beneficial ownership of securities","2017-10-04","2017-10-02"
"4","Statement of changes in beneficial ownership of securities","2017-09-22","2017-09-21"
"4","Statement of changes in beneficial ownership of securities","2017-09-22","2017-09-20"
"4","Statement of changes in beneficial ownership of securities","2017-09-22","2017-09-20"
"4","Statement of changes in beneficial ownership of securities","2017-09-22","2017-09-20"
"4","Statement of changes in beneficial ownership of securities","2017-09-22","2017-09-20"
"4","Statement of changes in beneficial ownership of securities","2017-09-22","2017-09-20"
"4","Statement of changes in beneficial ownership of securities","2017-09-22","2017-09-20"
"4","Statement of changes in beneficial ownership of securities","2017-09-18","2017-09-18"
"4","Statement of changes in beneficial ownership of securities","2017-09-13","2017-09-12"
"4","Statement of changes in beneficial ownership of securities","2017-09-13","2017-09-12"
"4","Statement of changes in beneficial ownership of securities","2017-09-13","2017-09-12"
"4","Statement of changes in beneficial ownership of securities","2017-09-13","2017-09-12"
"4","Statement of changes in beneficial ownership of securities","2017-09-08","2017-09-06"
"4","Statement of changes in beneficial ownership of securities","2017-09-06","2017-09-01"
"4","Statement of changes in beneficial ownership of securities","2017-09-06","2017-09-01"
"10-Q","Quarterly report [Sections 13 or 15(d)]","2017-08-23","2017-07-30"
"4","Statement of changes in beneficial ownership of securities","2017-08-16","2017-08-14"
"8-K","Current report","2017-08-10","2017-08-10"
"4","Statement of changes in beneficial ownership of securities","2017-07-11","2017-07-10"
"4","Statement of changes in beneficial ownership of securities","2017-06-29","2017-06-28"
"4","Statement of changes in beneficial ownership of securities","2017-06-23","2017-06-21"
"4","Statement of changes in beneficial ownership of securities","2017-06-23","2017-06-21"
"4","Statement of changes in beneficial ownership of securities","2017-06-22","2017-06-21"
"4","Statement of changes in beneficial ownership of securities","2017-06-09","2017-06-09"
"8-K","Current report","2017-06-05","2017-06-02"
"4","Statement of changes in beneficial ownership of securities","2017-05-31","2017-05-30"
"SD","Form - SD","2017-05-31",""
"8-K","Current report","2017-05-30","2017-05-23"
"4","Statement of changes in beneficial ownership of securities","2017-05-26","2017-05-24"
"4","Statement of changes in beneficial ownership of securities","2017-05-26","2017-05-24"
"4","Statement of changes in beneficial ownership of securities","2017-05-26","2017-05-24"
"4","Statement of changes in beneficial ownership of securities","2017-05-26","2017-05-24"
"4","Statement of changes in beneficial ownership of securities","2017-05-26","2017-05-24"
"4","Statement of changes in beneficial ownership of securities","2017-05-26","2017-05-24"
"4","Statement of changes in beneficial ownership of securities","2017-05-26","2017-05-24"
"4","Statement of changes in beneficial ownership of securities","2017-05-26","2017-05-24"
"4","Statement of changes in beneficial ownership of securities","2017-05-26","2017-05-24"
"4","Statement of changes in beneficial ownership of securities","2017-05-26","2017-05-24"
"4","Statement of changes in beneficial ownership of securities","2017-05-26","2017-05-24"
"4","Statement of changes in beneficial ownership of securities","2017-05-25","2017-05-23"
"10-Q","Quarterly report [Sections 13 or 15(d)]","2017-05-23","2017-04-30"
"4","Statement of changes in beneficial ownership of securities","2017-05-22","2017-05-19"
"4","Statement of changes in beneficial ownership of securities","2017-05-22","2017-05-18"
"4","Statement of changes in beneficial ownership of securities","2017-05-12","2017-05-11"
"8-K","Current report","2017-05-09","2017-05-09"
"5/A","Annual statement of changes in beneficial ownership of securities - amendment","2017-04-13","2017-01-29"
"DEFA14A","Additional definitive proxy soliciting materials and Rule 14(a)(12) material","2017-04-07",""
"DEF 14A","Other definitive proxy statements","2017-04-07","2017-05-23"
"4","Statement of changes in beneficial ownership of securities","2017-04-03","2017-03-30"
"4","Statement of changes in beneficial ownership of securities","2017-03-21","2017-03-20"
"4","Statement of changes in beneficial ownership of securities","2017-03-21","2017-03-17"
"4","Statement of changes in beneficial ownership of securities","2017-03-17","2017-03-15"
"4","Statement of changes in beneficial ownership of securities","2017-03-17","2017-03-15"
"4","Statement of changes in beneficial ownership of securities","2017-03-17","2017-03-15"
"4","Statement of changes in beneficial ownership of securities","2017-03-17","2017-03-15"
"4","Statement of changes in beneficial ownership of securities","2017-03-17","2017-03-15"
"5","Annual statement of changes in beneficial ownership of securities","2017-03-15","2017-01-29"
"5","Annual statement of changes in beneficial ownership of securities","2017-03-15","2017-01-29"
"5","Annual statement of changes in beneficial ownership of securities","2017-03-15","2017-01-29"
"8-K","Current report","2017-03-13","2017-03-07"
"5","Annual statement of changes in beneficial ownership of securities","2017-03-10","2017-01-29"
"4","Statement of changes in beneficial ownership of securities","2017-03-10","2017-03-08"
"4","Statement of changes in beneficial ownership of securities","2017-03-10","2017-03-08"
"4","Statement of changes in beneficial ownership of securities","2017-03-10","2017-03-08"
"4","Statement of changes in beneficial ownership of securities","2017-03-10","2017-03-08"
"4","Statement of changes in beneficial ownership of securities","2017-03-10","2017-03-08"
"4","Statement of changes in beneficial ownership of securities","2017-03-02","2017-03-01"
"10-K","Annual report [Section 13 and 15(d), not S-K Item 405]","2017-03-01","2017-01-29"
"UPLOAD","SEC-generated letter","2017-02-27",""
"4","Statement of changes in beneficial ownership of securities","2017-02-23","2017-02-21"
"SC 13G/A","Statement of acquisition of beneficial ownership by individuals - amendment","2017-02-14",""
"4","Statement of changes in beneficial ownership of securities","2017-02-13","2017-02-10"
"CORRESP","Correspondence","2017-02-13",""
"4","Statement of changes in beneficial ownership of securities","2017-02-10","2017-02-08"
"SC 13G/A","Statement of acquisition of beneficial ownership by individuals - amendment","2017-02-10",""
"8-K","Current report","2017-02-09","2017-02-09"
"8-K","Current report","2017-02-02","2017-01-27"
"3","Initial statement of beneficial ownership of securities","2017-02-01","2017-01-23"
"UPLOAD","SEC-generated letter","2017-01-31",""
"SC 13G/A","Statement of acquisition of beneficial ownership by individuals - amendment","2017-01-25",""
"8-K","Current report","2017-01-19","2017-01-18"
"4/A","Statement of changes in beneficial ownership of securities - amendment","2017-01-13","2015-05-21"
"4","Statement of changes in beneficial ownership of securities","2017-01-13","2017-01-12"
"4","Statement of changes in beneficial ownership of securities","2016-12-30","2016-12-29"
"4","Statement of changes in beneficial ownership of securities","2016-12-29","2016-12-27"
"4","Statement of changes in beneficial ownership of securities","2016-12-16","2016-12-15"
"4","Statement of changes in beneficial ownership of securities","2016-12-16","2016-12-14"
"4","Statement of changes in beneficial ownership of securities","2016-12-16","2016-12-15"
"4","Statement of changes in beneficial ownership of securities","2016-12-14","2016-12-12"
"8-K","Current report","2016-12-13","2016-12-12"
"8-K","Current report","2016-12-01","2016-11-29"
"10-Q","Quarterly report [Sections 13 or 15(d)]","2016-11-22","2016-10-30"
"4","Statement of changes in beneficial ownership of securities","2016-11-21","2016-11-17"
"4","Statement of changes in beneficial ownership of securities","2016-11-14","2016-11-10"
"4","Statement of changes in beneficial ownership of securities","2016-11-14","2016-11-14"
"8-K","Current report","2016-11-10","2016-11-10"
"4","Statement of changes in beneficial ownership of securities","2016-10-14","2016-10-12"
"4","Statement of changes in beneficial ownership of securities","2016-10-13","2016-10-12"
"4","Statement of changes in beneficial ownership of securities","2016-10-13","2016-10-12"
"8-K","Current report","2016-10-13","2016-10-07"
"4","Statement of changes in beneficial ownership of securities","2016-10-05","2016-10-04"
"4","Statement of changes in beneficial ownership of securities","2016-10-04","2016-09-30"
"4","Statement of changes in beneficial ownership of securities","2016-09-27","2016-09-23"
"4","Statement of changes in beneficial ownership of securities","2016-09-23","2016-09-21"
"4","Statement of changes in beneficial ownership of securities","2016-09-23","2016-09-21"
"4","Statement of changes in beneficial ownership of securities","2016-09-23","2016-09-21"
"4","Statement of changes in beneficial ownership of securities","2016-09-23","2016-09-21"
"4","Statement of changes in beneficial ownership of securities","2016-09-23","2016-09-21"
"4","Statement of changes in beneficial ownership of securities","2016-09-23","2016-09-21"
"4","Statement of changes in beneficial ownership of securities","2016-09-21","2016-09-19"
"4","Statement of changes in beneficial ownership of securities","2016-09-19","2016-09-16"
"4","Statement of changes in beneficial ownership of securities","2016-09-19","2016-09-15"
"4","Statement of changes in beneficial ownership of securities","2016-09-19","2016-09-15"
"8-K","Current report","2016-09-16","2016-09-13"
"424B5","Prospectus [Rule 424(b)(5)]","2016-09-14",""
"FWP","Filing under Securities Act Rules 163/433 of free writing prospectuses","2016-09-14",""
"424B5","Prospectus [Rule 424(b)(5)]","2016-09-13",""
"4","Statement of changes in beneficial ownership of securities","2016-09-12","2016-09-09"
"4","Statement of changes in beneficial ownership of securities","2016-09-12","2016-09-09"
"4","Statement of changes in beneficial ownership of securities","2016-09-08","2016-09-06"
"S-3ASR","Automatic shelf registration statement of securities of well-known seasoned issuers","2016-09-06",""
"SC 13G/A","Statement of acquisition of beneficial ownership by individuals - amendment","2016-09-06",""
"4","Statement of changes in beneficial ownership of securities","2016-09-02","2016-09-01"
"4/A","Statement of changes in beneficial ownership of securities - amendment","2016-09-02","2016-05-19"
"4","Statement of changes in beneficial ownership of securities","2016-08-29","2016-08-29"
"4","Statement of changes in beneficial ownership of securities","2016-08-29","2016-08-25"
"10-Q","Quarterly report [Sections 13 or 15(d)]","2016-08-23","2016-07-31"
"4","Statement of changes in beneficial ownership of securities","2016-08-17","2016-08-15"
"4","Statement of changes in beneficial ownership of securities","2016-08-12","2016-08-10"
"8-K","Current report","2016-08-11","2016-08-11"
"4","Statement of changes in beneficial ownership of securities","2016-07-15","2016-07-13"
"4","Statement of changes in beneficial ownership of securities","2016-07-15","2016-07-13"
"8-K","Current report","2016-06-21","2016-06-16"
"4","Statement of changes in beneficial ownership of securities","2016-06-20","2016-06-16"
"4","Statement of changes in beneficial ownership of securities","2016-06-14","2016-05-20"
"SD","Form - SD","2016-05-31",""
"S-8","Securities to be offered to employees in employee benefit plans","2016-05-25",""
"10-Q","Quarterly report [Sections 13 or 15(d)]","2016-05-25","2016-05-01"
"4","Statement of changes in beneficial ownership of securities","2016-05-25","2016-05-24"
"4","Statement of changes in beneficial ownership of securities","2016-05-23","2016-05-19"
"4","Statement of changes in beneficial ownership of securities","2016-05-23","2016-05-19"
"8-K","Current report","2016-05-23","2016-05-18"
"4","Statement of changes in beneficial ownership of securities","2016-05-23","2016-05-19"
"4","Statement of changes in beneficial ownership of securities","2016-05-23","2016-05-19"
"4","Statement of changes in beneficial ownership of securities","2016-05-23","2016-05-19"
"4","Statement of changes in beneficial ownership of securities","2016-05-23","2016-05-19"
"4","Statement of changes in beneficial ownership of securities","2016-05-23","2016-05-19"
"4","Statement of changes in beneficial ownership of securities","2016-05-23","2016-05-19"
"4","Statement of changes in beneficial ownership of securities","2016-05-23","2016-05-19"
"4","Statement of changes in beneficial ownership of securities","2016-05-23","2016-05-19"
"4","Statement of changes in beneficial ownership of securities","2016-05-23","2016-05-19"
"4","Statement of changes in beneficial ownership of securities","2016-05-23","2016-05-19"
"4","Statement of changes in beneficial ownership of securities","2016-05-17","2016-05-16"
"4","Statement of changes in beneficial ownership of securities","2016-05-12","2016-05-11"
"8-K","Current report","2016-05-12","2016-05-12"
"4","Statement of changes in beneficial ownership of securities","2016-05-12","2016-05-11"
"8-K","Current report","2016-05-02","2016-04-29"
"4","Statement of changes in beneficial ownership of securities","2016-04-14","2016-04-12"
"DEFA14A","Additional definitive proxy soliciting materials and Rule 14(a)(12) material","2016-04-07",""
"DEF 14A","Other definitive proxy statements","2016-04-07","2016-05-18"
"4","Statement of changes in beneficial ownership of securities","2016-04-05","2016-04-01"
"4","Statement of changes in beneficial ownership of securities","2016-04-04","2016-03-31"
"4","Statement of changes in beneficial ownership of securities","2016-03-31","2016-03-29"
"8-K","Current report","2016-03-23","2016-03-23"
"4","Statement of changes in beneficial ownership of securities","2016-03-18","2016-03-16"
"4","Statement of changes in beneficial ownership of securities","2016-03-18","2016-03-16"
"4","Statement of changes in beneficial ownership of securities","2016-03-18","2016-03-16"
"4","Statement of changes in beneficial ownership of securities","2016-03-18","2016-03-16"
"4","Statement of changes in beneficial ownership of securities","2016-03-18","2016-03-16"
"4","Statement of changes in beneficial ownership of securities","2016-03-18","2016-03-16"
"10-K","Annual report [Section 13 and 15(d), not S-K Item 405]","2016-03-17","2016-01-31"
"8-K","Current report","2016-03-14","2016-03-08"
"4","Statement of changes in beneficial ownership of securities","2016-03-03","2016-03-01"
"4","Statement of changes in beneficial ownership of securities","2016-03-03","2016-03-01"
"5","Annual statement of changes in beneficial ownership of securities","2016-03-02","2016-01-31"
"4","Statement of changes in beneficial ownership of securities","2016-02-23","2016-02-19"
"4","Statement of changes in beneficial ownership of securities","2016-02-23","2015-12-04"
"8-K","Current report","2016-02-17","2016-02-17"
"SC 13G/A","Statement of acquisition of beneficial ownership by individuals - amendment","2016-02-12",""
"SC 13G/A","Statement of acquisition of beneficial ownership by individuals - amendment","2016-02-12",""
"SC 13G/A","Statement of acquisition of beneficial ownership by individuals - amendment","2016-02-11",""
"SC 13G/A","Statement of acquisition of beneficial ownership by individuals - amendment","2016-02-10",""
"4","Statement of changes in beneficial ownership of securities","2016-01-11","2016-01-07"
"4","Statement of changes in beneficial ownership of securities","2015-12-07","2015-12-04"
"4","Statement of changes in beneficial ownership of securities","2015-12-03","2015-12-01"
"4","Statement of changes in beneficial ownership of securities","2015-12-03","2015-12-01"
"4","Statement of changes in beneficial ownership of securities","2015-12-03","2015-12-01"
"4","Statement of changes in beneficial ownership of securities","2015-11-25","2015-11-23"
"10-Q","Quarterly report [Sections 13 or 15(d)]","2015-11-18","2015-10-25"
"4","Statement of changes in beneficial ownership of securities","2015-11-16","2015-11-12"
"4","Statement of changes in beneficial ownership of securities","2015-11-12","2015-11-09"
"CT ORDER","Confidential treatment order","2015-11-09",""
"8-K","Current report","2015-11-05","2015-11-05"
"4","Statement of changes in beneficial ownership of securities","2015-10-07","2015-10-05"
"4","Statement of changes in beneficial ownership of securities","2015-10-02","2015-10-01"
"4","Statement of changes in beneficial ownership of securities","2015-09-18","2015-09-16"
"4","Statement of changes in beneficial ownership of securities","2015-09-18","2015-09-16"
"4","Statement of changes in beneficial ownership of securities","2015-09-18","2015-09-16"
"4","Statement of changes in beneficial ownership of securities","2015-09-18","2015-09-16"
"4","Statement of changes in beneficial ownership of securities","2015-09-18","2015-09-16"
"4","Statement of changes in beneficial ownership of securities","2015-09-18","2015-09-16"
"4","Statement of changes in beneficial ownership of securities","2015-09-02","2015-09-01"
"10-Q","Quarterly report [Sections 13 or 15(d)]","2015-08-19","2015-07-26"
"4","Statement of changes in beneficial ownership of securities","2015-08-18","2015-08-17"
"4","Statement of changes in beneficial ownership of securities","2015-08-14","2015-08-12"
"4","Statement of changes in beneficial ownership of securities","2015-08-12","2015-06-18"
"4","Statement of changes in beneficial ownership of securities","2015-08-12","2015-08-10"
"8-K","Current report","2015-08-06","2015-08-06"
"4","Statement of changes in beneficial ownership of securities","2015-07-13","2015-07-10"
"8-K","Current report","2015-06-23","2015-06-19"
"UPLOAD","SEC-generated letter","2015-06-17",""
"CORRESP","Correspondence","2015-06-03",""
"SD","Form - SD","2015-05-27",""
"4","Statement of changes in beneficial ownership of securities","2015-05-26","2015-05-21"
"4","Statement of changes in beneficial ownership of securities","2015-05-26","2015-05-21"
"8-K","Current report","2015-05-26","2015-05-20"
"4","Statement of changes in beneficial ownership of securities","2015-05-26","2015-05-21"
"4","Statement of changes in beneficial ownership of securities","2015-05-26","2015-05-21"
"4","Statement of changes in beneficial ownership of securities","2015-05-26","2015-05-21"
"4","Statement of changes in beneficial ownership of securities","2015-05-26","2015-05-21"
"4","Statement of changes in beneficial ownership of securities","2015-05-26","2015-05-21"
"4","Statement of changes in beneficial ownership of securities","2015-05-26","2015-05-21"
"4","Statement of changes in beneficial ownership of securities","2015-05-26","2015-05-21"
"4","Statement of changes in beneficial ownership of securities","2015-05-26","2015-05-21"
"4","Statement of changes in beneficial ownership of securities","2015-05-26","2015-05-21"
"UPLOAD","SEC-generated letter","2015-05-21",""
"10-Q","Quarterly report [Sections 13 or 15(d)]","2015-05-20","2015-04-26"
"4","Statement of changes in beneficial ownership of securities","2015-05-19","2015-05-15"
"4","Statement of changes in beneficial ownership of securities","2015-05-18","2015-05-15"
"4","Statement of changes in beneficial ownership of securities","2015-05-15","2015-05-13"
"4","Statement of changes in beneficial ownership of securities","2015-05-07","2015-05-06"
"8-K","Current report","2015-05-07","2015-05-04"
"4","Statement of changes in beneficial ownership of securities","2015-04-29","2015-04-29"
"4","Statement of changes in beneficial ownership of securities","2015-04-27","2015-04-24"
"ARS","Annual Report to Security Holders","2015-04-23","2015-01-25"
"4","Statement of changes in beneficial ownership of securities","2015-04-23","2015-04-22"
"4","Statement of changes in beneficial ownership of securities","2015-04-16","2015-04-15"
"8-K","Current report","2015-04-10","2015-04-07"